bronpad,label,type,huidig_doelveld,status,transformatie_en_behoud,bewijs_bestand_en_symbool,opmerking
/inquiry/schemaVersion,/inquiry/schemaVersion,const,requests.preferences.website_submission,metadata,"Versie, bron, oorspronkelijke browserreferentie en tijdstip als metadata; server maakt inhoudgebonden request UUID.",lib/marketing/veele/submission.ts: mapWebsiteSubmission; supabase/migrations/20261007041000_veele_website_intake.sql: commercial_website_intake,"Huidige wizardvelden en uitgebreid neutraal schema worden opnieuw strikt gevalideerd; geen afspraak, werkbon, object of auth-account."
/inquiry/mode,/inquiry/mode,string,requests.preferences.website_submission,metadata,"Versie, bron, oorspronkelijke browserreferentie en tijdstip als metadata; server maakt inhoudgebonden request UUID.",lib/marketing/veele/submission.ts: mapWebsiteSubmission; supabase/migrations/20261007041000_veele_website_intake.sql: commercial_website_intake,"Huidige wizardvelden en uitgebreid neutraal schema worden opnieuw strikt gevalideerd; geen afspraak, werkbon, object of auth-account."
/inquiry/inquiryId,/inquiry/inquiryId,string,requests.preferences.website_submission,metadata,"Versie, bron, oorspronkelijke browserreferentie en tijdstip als metadata; server maakt inhoudgebonden request UUID.",lib/marketing/veele/submission.ts: mapWebsiteSubmission; supabase/migrations/20261007041000_veele_website_intake.sql: commercial_website_intake,"Huidige wizardvelden en uitgebreid neutraal schema worden opnieuw strikt gevalideerd; geen afspraak, werkbon, object of auth-account."
/inquiry/createdAt,/inquiry/createdAt,string,requests.preferences.website_submission,metadata,"Versie, bron, oorspronkelijke browserreferentie en tijdstip als metadata; server maakt inhoudgebonden request UUID.",lib/marketing/veele/submission.ts: mapWebsiteSubmission; supabase/migrations/20261007041000_veele_website_intake.sql: commercial_website_intake,"Huidige wizardvelden en uitgebreid neutraal schema worden opnieuw strikt gevalideerd; geen afspraak, werkbon, object of auth-account."
/inquiry/locale,/inquiry/locale,const,requests.preferences.website_submission,metadata,"Versie, bron, oorspronkelijke browserreferentie en tijdstip als metadata; server maakt inhoudgebonden request UUID.",lib/marketing/veele/submission.ts: mapWebsiteSubmission; supabase/migrations/20261007041000_veele_website_intake.sql: commercial_website_intake,"Huidige wizardvelden en uitgebreid neutraal schema worden opnieuw strikt gevalideerd; geen afspraak, werkbon, object of auth-account."
/inquiry/source,/inquiry/source,const,requests.preferences.website_submission,metadata,"Versie, bron, oorspronkelijke browserreferentie en tijdstip als metadata; server maakt inhoudgebonden request UUID.",lib/marketing/veele/submission.ts: mapWebsiteSubmission; supabase/migrations/20261007041000_veele_website_intake.sql: commercial_website_intake,"Huidige wizardvelden en uitgebreid neutraal schema worden opnieuw strikt gevalideerd; geen afspraak, werkbon, object of auth-account."
/inquiry/services,Gekozen diensten,array,requests.discipline,native,Volledige Nederlandse lijst; catalogustaak blijft een wens.,lib/marketing/veele/submission.ts: mapWebsiteSubmission; supabase/migrations/20261007041000_veele_website_intake.sql: commercial_website_intake,"Huidige wizardvelden en uitgebreid neutraal schema worden opnieuw strikt gevalideerd; geen afspraak, werkbon, object of auth-account."
/inquiry/location/type,Type locatie,string,requests.description (extra opmerkingen); overflow commercial_events.body,extra opmerkingen,"Volledig met Nederlands label; lijsten blijven volledig, booleans ook false, vrije tekst en regeleinden behouden.",lib/marketing/veele/submission.ts: mapWebsiteSubmission; supabase/migrations/20261007041000_veele_website_intake.sql: commercial_website_intake,"Huidige wizardvelden en uitgebreid neutraal schema worden opnieuw strikt gevalideerd; geen afspraak, werkbon, object of auth-account."
/inquiry/location/otherType,Ander type locatie,string,requests.description (extra opmerkingen); overflow commercial_events.body,extra opmerkingen,"Volledig met Nederlands label; lijsten blijven volledig, booleans ook false, vrije tekst en regeleinden behouden.",lib/marketing/veele/submission.ts: mapWebsiteSubmission; supabase/migrations/20261007041000_veele_website_intake.sql: commercial_website_intake,"Huidige wizardvelden en uitgebreid neutraal schema worden opnieuw strikt gevalideerd; geen afspraak, werkbon, object of auth-account."
/inquiry/location/city,Plaats,string,requests.description (extra opmerkingen); overflow commercial_events.body,extra opmerkingen,"Volledig met Nederlands label; lijsten blijven volledig, booleans ook false, vrije tekst en regeleinden behouden.",lib/marketing/veele/submission.ts: mapWebsiteSubmission; supabase/migrations/20261007041000_veele_website_intake.sql: commercial_website_intake,"Huidige wizardvelden en uitgebreid neutraal schema worden opnieuw strikt gevalideerd; geen afspraak, werkbon, object of auth-account."
/inquiry/location/country,Land,string,requests.description (extra opmerkingen); overflow commercial_events.body,extra opmerkingen,"Volledig met Nederlands label; lijsten blijven volledig, booleans ook false, vrije tekst en regeleinden behouden.",lib/marketing/veele/submission.ts: mapWebsiteSubmission; supabase/migrations/20261007041000_veele_website_intake.sql: commercial_website_intake,"Huidige wizardvelden en uitgebreid neutraal schema worden opnieuw strikt gevalideerd; geen afspraak, werkbon, object of auth-account."
/inquiry/location/postalCode,Postcode,string,requests.description (extra opmerkingen); overflow commercial_events.body,extra opmerkingen,"Volledig met Nederlands label; lijsten blijven volledig, booleans ook false, vrije tekst en regeleinden behouden.",lib/marketing/veele/submission.ts: mapWebsiteSubmission; supabase/migrations/20261007041000_veele_website_intake.sql: commercial_website_intake,"Huidige wizardvelden en uitgebreid neutraal schema worden opnieuw strikt gevalideerd; geen afspraak, werkbon, object of auth-account."
/inquiry/location/street,Straat,string,requests.description (extra opmerkingen); overflow commercial_events.body,extra opmerkingen,"Volledig met Nederlands label; lijsten blijven volledig, booleans ook false, vrije tekst en regeleinden behouden.",lib/marketing/veele/submission.ts: mapWebsiteSubmission; supabase/migrations/20261007041000_veele_website_intake.sql: commercial_website_intake,"Huidige wizardvelden en uitgebreid neutraal schema worden opnieuw strikt gevalideerd; geen afspraak, werkbon, object of auth-account."
/inquiry/location/houseNumber,Huisnummer,string,requests.description (extra opmerkingen); overflow commercial_events.body,extra opmerkingen,"Volledig met Nederlands label; lijsten blijven volledig, booleans ook false, vrije tekst en regeleinden behouden.",lib/marketing/veele/submission.ts: mapWebsiteSubmission; supabase/migrations/20261007041000_veele_website_intake.sql: commercial_website_intake,"Huidige wizardvelden en uitgebreid neutraal schema worden opnieuw strikt gevalideerd; geen afspraak, werkbon, object of auth-account."
/inquiry/location/venueName,Naam locatie,string,requests.description (extra opmerkingen); overflow commercial_events.body,extra opmerkingen,"Volledig met Nederlands label; lijsten blijven volledig, booleans ook false, vrije tekst en regeleinden behouden.",lib/marketing/veele/submission.ts: mapWebsiteSubmission; supabase/migrations/20261007041000_veele_website_intake.sql: commercial_website_intake,"Huidige wizardvelden en uitgebreid neutraal schema worden opnieuw strikt gevalideerd; geen afspraak, werkbon, object of auth-account."
/inquiry/tasks/cleaning/requestedTasks,Schoonmaak — werkzaamheden,array,requests.description (extra opmerkingen); overflow commercial_events.body,extra opmerkingen,"Volledig met Nederlands label; lijsten blijven volledig, booleans ook false, vrije tekst en regeleinden behouden.",lib/marketing/veele/submission.ts: mapWebsiteSubmission; supabase/migrations/20261007041000_veele_website_intake.sql: commercial_website_intake,"Huidige wizardvelden en uitgebreid neutraal schema worden opnieuw strikt gevalideerd; geen afspraak, werkbon, object of auth-account."
/inquiry/tasks/cleaning/areaM2,Schoonmaak — geschatte oppervlakte (m²),number,requests.description (extra opmerkingen); overflow commercial_events.body,extra opmerkingen,"Volledig met Nederlands label; lijsten blijven volledig, booleans ook false, vrije tekst en regeleinden behouden.",lib/marketing/veele/submission.ts: mapWebsiteSubmission; supabase/migrations/20261007041000_veele_website_intake.sql: commercial_website_intake,"Huidige wizardvelden en uitgebreid neutraal schema worden opnieuw strikt gevalideerd; geen afspraak, werkbon, object of auth-account."
/inquiry/tasks/cleaning/floorCount,Schoonmaak — aantal verdiepingen,integer,requests.description (extra opmerkingen); overflow commercial_events.body,extra opmerkingen,"Volledig met Nederlands label; lijsten blijven volledig, booleans ook false, vrije tekst en regeleinden behouden.",lib/marketing/veele/submission.ts: mapWebsiteSubmission; supabase/migrations/20261007041000_veele_website_intake.sql: commercial_website_intake,"Huidige wizardvelden en uitgebreid neutraal schema worden opnieuw strikt gevalideerd; geen afspraak, werkbon, object of auth-account."
/inquiry/tasks/cleaning/spaces,Schoonmaak — ruimtes,array,requests.description (extra opmerkingen); overflow commercial_events.body,extra opmerkingen,"Volledig met Nederlands label; lijsten blijven volledig, booleans ook false, vrije tekst en regeleinden behouden.",lib/marketing/veele/submission.ts: mapWebsiteSubmission; supabase/migrations/20261007041000_veele_website_intake.sql: commercial_website_intake,"Huidige wizardvelden en uitgebreid neutraal schema worden opnieuw strikt gevalideerd; geen afspraak, werkbon, object of auth-account."
/inquiry/tasks/cleaning/glassAccess,Schoonmaak — bereikbaarheid glas,string,requests.description (extra opmerkingen); overflow commercial_events.body,extra opmerkingen,"Volledig met Nederlands label; lijsten blijven volledig, booleans ook false, vrije tekst en regeleinden behouden.",lib/marketing/veele/submission.ts: mapWebsiteSubmission; supabase/migrations/20261007041000_veele_website_intake.sql: commercial_website_intake,"Huidige wizardvelden en uitgebreid neutraal schema worden opnieuw strikt gevalideerd; geen afspraak, werkbon, object of auth-account."
/inquiry/tasks/cleaning/otherTask,Schoonmaak — andere werkzaamheid,string,requests.description (extra opmerkingen); overflow commercial_events.body,extra opmerkingen,"Volledig met Nederlands label; lijsten blijven volledig, booleans ook false, vrije tekst en regeleinden behouden.",lib/marketing/veele/submission.ts: mapWebsiteSubmission; supabase/migrations/20261007041000_veele_website_intake.sql: commercial_website_intake,"Huidige wizardvelden en uitgebreid neutraal schema worden opnieuw strikt gevalideerd; geen afspraak, werkbon, object of auth-account."
/inquiry/tasks/cleaning/notes,Schoonmaak — bijzonderheden werkzaamheden (gedeeld antwoord),string,requests.description (extra opmerkingen); overflow commercial_events.body,extra opmerkingen,"Volledig met Nederlands label; lijsten blijven volledig, booleans ook false, vrije tekst en regeleinden behouden.",lib/marketing/veele/submission.ts: mapWebsiteSubmission; supabase/migrations/20261007041000_veele_website_intake.sql: commercial_website_intake,"Huidige wizardvelden en uitgebreid neutraal schema worden opnieuw strikt gevalideerd; geen afspraak, werkbon, object of auth-account."
/inquiry/tasks/security/requestedTasks,Beveiliging — werkzaamheden,array,requests.description (extra opmerkingen); overflow commercial_events.body,extra opmerkingen,"Volledig met Nederlands label; lijsten blijven volledig, booleans ook false, vrije tekst en regeleinden behouden.",lib/marketing/veele/submission.ts: mapWebsiteSubmission; supabase/migrations/20261007041000_veele_website_intake.sql: commercial_website_intake,"Huidige wizardvelden en uitgebreid neutraal schema worden opnieuw strikt gevalideerd; geen afspraak, werkbon, object of auth-account."
/inquiry/tasks/security/expectedVisitors,"Beveiliging — verwachte bezoekers (gedeeld antwoord, niet optellen)",integer,requests.description (extra opmerkingen); overflow commercial_events.body,extra opmerkingen,"Volledig met Nederlands label; lijsten blijven volledig, booleans ook false, vrije tekst en regeleinden behouden.",lib/marketing/veele/submission.ts: mapWebsiteSubmission; supabase/migrations/20261007041000_veele_website_intake.sql: commercial_website_intake,"Huidige wizardvelden en uitgebreid neutraal schema worden opnieuw strikt gevalideerd; geen afspraak, werkbon, object of auth-account."
/inquiry/tasks/security/coverage,Beveiliging — aandachtspunten toezicht,array,requests.description (extra opmerkingen); overflow commercial_events.body,extra opmerkingen,"Volledig met Nederlands label; lijsten blijven volledig, booleans ook false, vrije tekst en regeleinden behouden.",lib/marketing/veele/submission.ts: mapWebsiteSubmission; supabase/migrations/20261007041000_veele_website_intake.sql: commercial_website_intake,"Huidige wizardvelden en uitgebreid neutraal schema worden opnieuw strikt gevalideerd; geen afspraak, werkbon, object of auth-account."
/inquiry/tasks/security/staffEstimate,Beveiliging — geschat aantal medewerkers,integer,requests.description (extra opmerkingen); overflow commercial_events.body,extra opmerkingen,"Volledig met Nederlands label; lijsten blijven volledig, booleans ook false, vrije tekst en regeleinden behouden.",lib/marketing/veele/submission.ts: mapWebsiteSubmission; supabase/migrations/20261007041000_veele_website_intake.sql: commercial_website_intake,"Huidige wizardvelden en uitgebreid neutraal schema worden opnieuw strikt gevalideerd; geen afspraak, werkbon, object of auth-account."
/inquiry/tasks/security/otherTask,Beveiliging — andere werkzaamheid,string,requests.description (extra opmerkingen); overflow commercial_events.body,extra opmerkingen,"Volledig met Nederlands label; lijsten blijven volledig, booleans ook false, vrije tekst en regeleinden behouden.",lib/marketing/veele/submission.ts: mapWebsiteSubmission; supabase/migrations/20261007041000_veele_website_intake.sql: commercial_website_intake,"Huidige wizardvelden en uitgebreid neutraal schema worden opnieuw strikt gevalideerd; geen afspraak, werkbon, object of auth-account."
/inquiry/tasks/security/notes,Beveiliging — bijzonderheden werkzaamheden (gedeeld antwoord),string,requests.description (extra opmerkingen); overflow commercial_events.body,extra opmerkingen,"Volledig met Nederlands label; lijsten blijven volledig, booleans ook false, vrije tekst en regeleinden behouden.",lib/marketing/veele/submission.ts: mapWebsiteSubmission; supabase/migrations/20261007041000_veele_website_intake.sql: commercial_website_intake,"Huidige wizardvelden en uitgebreid neutraal schema worden opnieuw strikt gevalideerd; geen afspraak, werkbon, object of auth-account."
/inquiry/tasks/facilities/requestedTasks,Facilitair — werkzaamheden,array,requests.description (extra opmerkingen); overflow commercial_events.body,extra opmerkingen,"Volledig met Nederlands label; lijsten blijven volledig, booleans ook false, vrije tekst en regeleinden behouden.",lib/marketing/veele/submission.ts: mapWebsiteSubmission; supabase/migrations/20261007041000_veele_website_intake.sql: commercial_website_intake,"Huidige wizardvelden en uitgebreid neutraal schema worden opnieuw strikt gevalideerd; geen afspraak, werkbon, object of auth-account."
/inquiry/tasks/facilities/expectedVisitors,"Facilitair — verwachte bezoekers (gedeeld antwoord, niet optellen)",integer,requests.description (extra opmerkingen); overflow commercial_events.body,extra opmerkingen,"Volledig met Nederlands label; lijsten blijven volledig, booleans ook false, vrije tekst en regeleinden behouden.",lib/marketing/veele/submission.ts: mapWebsiteSubmission; supabase/migrations/20261007041000_veele_website_intake.sql: commercial_website_intake,"Huidige wizardvelden en uitgebreid neutraal schema worden opnieuw strikt gevalideerd; geen afspraak, werkbon, object of auth-account."
/inquiry/tasks/facilities/staffEstimate,Facilitair — geschat aantal medewerkers,integer,requests.description (extra opmerkingen); overflow commercial_events.body,extra opmerkingen,"Volledig met Nederlands label; lijsten blijven volledig, booleans ook false, vrije tekst en regeleinden behouden.",lib/marketing/veele/submission.ts: mapWebsiteSubmission; supabase/migrations/20261007041000_veele_website_intake.sql: commercial_website_intake,"Huidige wizardvelden en uitgebreid neutraal schema worden opnieuw strikt gevalideerd; geen afspraak, werkbon, object of auth-account."
/inquiry/tasks/facilities/toiletCount,Facilitair — aantal toiletten,integer,requests.description (extra opmerkingen); overflow commercial_events.body,extra opmerkingen,"Volledig met Nederlands label; lijsten blijven volledig, booleans ook false, vrije tekst en regeleinden behouden.",lib/marketing/veele/submission.ts: mapWebsiteSubmission; supabase/migrations/20261007041000_veele_website_intake.sql: commercial_website_intake,"Huidige wizardvelden en uitgebreid neutraal schema worden opnieuw strikt gevalideerd; geen afspraak, werkbon, object of auth-account."
/inquiry/tasks/facilities/otherTask,Facilitair — andere werkzaamheid,string,requests.description (extra opmerkingen); overflow commercial_events.body,extra opmerkingen,"Volledig met Nederlands label; lijsten blijven volledig, booleans ook false, vrije tekst en regeleinden behouden.",lib/marketing/veele/submission.ts: mapWebsiteSubmission; supabase/migrations/20261007041000_veele_website_intake.sql: commercial_website_intake,"Huidige wizardvelden en uitgebreid neutraal schema worden opnieuw strikt gevalideerd; geen afspraak, werkbon, object of auth-account."
/inquiry/tasks/facilities/notes,Facilitair — bijzonderheden werkzaamheden (gedeeld antwoord),string,requests.description (extra opmerkingen); overflow commercial_events.body,extra opmerkingen,"Volledig met Nederlands label; lijsten blijven volledig, booleans ook false, vrije tekst en regeleinden behouden.",lib/marketing/veele/submission.ts: mapWebsiteSubmission; supabase/migrations/20261007041000_veele_website_intake.sql: commercial_website_intake,"Huidige wizardvelden en uitgebreid neutraal schema worden opnieuw strikt gevalideerd; geen afspraak, werkbon, object of auth-account."
/inquiry/planning/type,Planning — inzet,string,requests.work_kind / extra opmerkingen,native / conditioneel opmerkingen,"once en recurring native; discuss volledig bij opmerkingen, In overleg zichtbaar tot beoordeling.",lib/marketing/veele/submission.ts: mapWebsiteSubmission; supabase/migrations/20261007041000_veele_website_intake.sql: commercial_website_intake,"Huidige wizardvelden en uitgebreid neutraal schema worden opnieuw strikt gevalideerd; geen afspraak, werkbon, object of auth-account."
/inquiry/planning/cadence,Planning — frequentie,string,requests.description (extra opmerkingen); overflow commercial_events.body,extra opmerkingen,"Volledig met Nederlands label; lijsten blijven volledig, booleans ook false, vrije tekst en regeleinden behouden.",lib/marketing/veele/submission.ts: mapWebsiteSubmission; supabase/migrations/20261007041000_veele_website_intake.sql: commercial_website_intake,"Huidige wizardvelden en uitgebreid neutraal schema worden opnieuw strikt gevalideerd; geen afspraak, werkbon, object of auth-account."
/inquiry/planning/startDate,Planning — gewenste startdatum,string,requests.preferences.date,native,Gewenste datum; geen geboekte afspraak.,lib/marketing/veele/submission.ts: mapWebsiteSubmission; supabase/migrations/20261007041000_veele_website_intake.sql: commercial_website_intake,"Huidige wizardvelden en uitgebreid neutraal schema worden opnieuw strikt gevalideerd; geen afspraak, werkbon, object of auth-account."
/inquiry/planning/endDate,Planning — gewenste einddatum,string,requests.description (extra opmerkingen); overflow commercial_events.body,extra opmerkingen,"Volledig met Nederlands label; lijsten blijven volledig, booleans ook false, vrije tekst en regeleinden behouden.",lib/marketing/veele/submission.ts: mapWebsiteSubmission; supabase/migrations/20261007041000_veele_website_intake.sql: commercial_website_intake,"Huidige wizardvelden en uitgebreid neutraal schema worden opnieuw strikt gevalideerd; geen afspraak, werkbon, object of auth-account."
/inquiry/planning/preferredDays,Planning — voorkeursdagen,array,requests.description (extra opmerkingen); overflow commercial_events.body,extra opmerkingen,"Volledig met Nederlands label; lijsten blijven volledig, booleans ook false, vrije tekst en regeleinden behouden.",lib/marketing/veele/submission.ts: mapWebsiteSubmission; supabase/migrations/20261007041000_veele_website_intake.sql: commercial_website_intake,"Huidige wizardvelden en uitgebreid neutraal schema worden opnieuw strikt gevalideerd; geen afspraak, werkbon, object of auth-account."
/inquiry/planning/timePreference,Planning — voorkeur,string,requests.description (extra opmerkingen); overflow commercial_events.body,extra opmerkingen,"Volledig met Nederlands label; lijsten blijven volledig, booleans ook false, vrije tekst en regeleinden behouden.",lib/marketing/veele/submission.ts: mapWebsiteSubmission; supabase/migrations/20261007041000_veele_website_intake.sql: commercial_website_intake,"Huidige wizardvelden en uitgebreid neutraal schema worden opnieuw strikt gevalideerd; geen afspraak, werkbon, object of auth-account."
/inquiry/planning/timeZone,Planning — tijdzone,const,requests.description (extra opmerkingen); overflow commercial_events.body,extra opmerkingen,"Volledig met Nederlands label; lijsten blijven volledig, booleans ook false, vrije tekst en regeleinden behouden.",lib/marketing/veele/submission.ts: mapWebsiteSubmission; supabase/migrations/20261007041000_veele_website_intake.sql: commercial_website_intake,"Huidige wizardvelden en uitgebreid neutraal schema worden opnieuw strikt gevalideerd; geen afspraak, werkbon, object of auth-account."
/inquiry/planning/windows,Planning — volledige tijdvensters,array,requests.description (extra opmerkingen); overflow commercial_events.body,extra opmerkingen,"Volledig met Nederlands label; lijsten blijven volledig, booleans ook false, vrije tekst en regeleinden behouden.",lib/marketing/veele/submission.ts: mapWebsiteSubmission; supabase/migrations/20261007041000_veele_website_intake.sql: commercial_website_intake,"Huidige wizardvelden en uitgebreid neutraal schema worden opnieuw strikt gevalideerd; geen afspraak, werkbon, object of auth-account."
/inquiry/planning/notes,Planning — toelichting,string,requests.description (extra opmerkingen); overflow commercial_events.body,extra opmerkingen,"Volledig met Nederlands label; lijsten blijven volledig, booleans ook false, vrije tekst en regeleinden behouden.",lib/marketing/veele/submission.ts: mapWebsiteSubmission; supabase/migrations/20261007041000_veele_website_intake.sql: commercial_website_intake,"Huidige wizardvelden en uitgebreid neutraal schema worden opnieuw strikt gevalideerd; geen afspraak, werkbon, object of auth-account."
/inquiry/contact/name,Contactpersoon,string,customer_contacts.full_name,native,"Oorspronkelijke contactnaam, apart van organisatienaam.",lib/marketing/veele/submission.ts: mapWebsiteSubmission; supabase/migrations/20261007041000_veele_website_intake.sql: commercial_website_intake,"Huidige wizardvelden en uitgebreid neutraal schema worden opnieuw strikt gevalideerd; geen afspraak, werkbon, object of auth-account."
/inquiry/contact/organization,Organisatie,string,customers.name,native,Bestaande intake maakt een gewone lead; geen portaalaccount.,lib/marketing/veele/submission.ts: mapWebsiteSubmission; supabase/migrations/20261007041000_veele_website_intake.sql: commercial_website_intake,"Huidige wizardvelden en uitgebreid neutraal schema worden opnieuw strikt gevalideerd; geen afspraak, werkbon, object of auth-account."
/inquiry/contact/email,E-mailadres,string,customer_contacts.email + customers.billing_email,native,Alleen indien ingevuld; telefoon-only houdt email NULL.,lib/marketing/veele/submission.ts: mapWebsiteSubmission; supabase/migrations/20261007041000_veele_website_intake.sql: commercial_website_intake,"Huidige wizardvelden en uitgebreid neutraal schema worden opnieuw strikt gevalideerd; geen afspraak, werkbon, object of auth-account."
/inquiry/contact/phone,Telefoonnummer,string,customer_contacts.phone + customers.phone,native,"Volledig telefoonnummer, zonder afkappen.",lib/marketing/veele/submission.ts: mapWebsiteSubmission; supabase/migrations/20261007041000_veele_website_intake.sql: commercial_website_intake,"Huidige wizardvelden en uitgebreid neutraal schema worden opnieuw strikt gevalideerd; geen afspraak, werkbon, object of auth-account."
/inquiry/contact/preferredChannel,"Voorgesteld contactkanaal (afgeleid, geen expliciete keuze)",string,requests.description (extra opmerkingen); overflow commercial_events.body,extra opmerkingen,"Volledig met Nederlands label; lijsten blijven volledig, booleans ook false, vrije tekst en regeleinden behouden.",lib/marketing/veele/submission.ts: mapWebsiteSubmission; supabase/migrations/20261007041000_veele_website_intake.sql: commercial_website_intake,"Huidige wizardvelden en uitgebreid neutraal schema worden opnieuw strikt gevalideerd; geen afspraak, werkbon, object of auth-account."
/inquiry/message,Opmerkingen van de aanvrager,string,requests.description (extra opmerkingen); overflow commercial_events.body,extra opmerkingen,"Volledig met Nederlands label; lijsten blijven volledig, booleans ook false, vrije tekst en regeleinden behouden.",lib/marketing/veele/submission.ts: mapWebsiteSubmission; supabase/migrations/20261007041000_veele_website_intake.sql: commercial_website_intake,"Huidige wizardvelden en uitgebreid neutraal schema worden opnieuw strikt gevalideerd; geen afspraak, werkbon, object of auth-account."
/wizardAnswers/planningFlexible,Planning bespreekbaar (checkbox),boolean,requests.description (extra opmerkingen); overflow commercial_events.body,extra opmerkingen,"Volledig met Nederlands label; lijsten blijven volledig, booleans ook false, vrije tekst en regeleinden behouden.",lib/marketing/veele/submission.ts: mapWebsiteSubmission; supabase/migrations/20261007041000_veele_website_intake.sql: commercial_website_intake,"Huidige wizardvelden en uitgebreid neutraal schema worden opnieuw strikt gevalideerd; geen afspraak, werkbon, object of auth-account."
/wizardAnswers/frequencyLabel,Gekozen frequentie,string,requests.preferences.frequency,native,"Volledig gekozen frequentielabel, inclusief meerdere keren per week.",lib/marketing/veele/submission.ts: mapWebsiteSubmission; supabase/migrations/20261007041000_veele_website_intake.sql: commercial_website_intake,"Huidige wizardvelden en uitgebreid neutraal schema worden opnieuw strikt gevalideerd; geen afspraak, werkbon, object of auth-account."
